Name,Address 1,Address 2,City,Zip,Inspection Date,Inspection Results,Food from Approved Source (C),Food Protected from Contamination (C),Ill Workers Restricted (C),Proper Hand Washing (C),Cooling Time and Temperature (C),Cold Holding Temperature (C),Hot Holding Temperature (C),Cooking Time and Temperature (C),Reheating Time and Temperature (C),Hot and Cold Running Water Provided (C),Proper Sewage Disposal (C),Toxic Substances & Pesticides,Rodent and Insects,Nutritional Labeling,Trans Fat Ban,No-Smoking Sign Posted,Inspection Type,Owner,Category,Type,Latitude,Longitude,Location
CHIPOTLE MEXICAN GRILL #0103,564 N. FREDERICK AVE.,,GAITHERSBURG,20877,07/27/2023,No Critical Violations Noted,In Compliance,In Compliance,In Compliance,In Compliance,In Compliance,In Compliance,In Compliance,In Compliance,In Compliance,In Compliance,In Compliance,In Compliance,In Compliance,Not applicable,In Compliance,In Compliance,Food Complaint,CHIPOTLE MEXICAN GRILL OF COLORADO LLC,Restaurant,Food,39.1484,-77.2101,"(39.1484, -77.2101)"
CHIPOTLE MEXICAN GRILL #1608,10135 COLESVILLE RD.,,SILVER SPRING,20901,09/13/2023,No Critical Violations Noted,In Compliance,In Compliance,In Compliance,In Compliance,In Compliance,In Compliance,In Compliance,In Compliance,In Compliance,In Compliance,In Compliance,In Compliance,In Compliance,Not applicable,In Compliance,In Compliance,Monitoring,CHIPOTLE MEXICAN GRILL,Restaurant,Food,39.0209,-77.0119,"(39.0209, -77.0119)"
CHIPOTLE MEXICAN GRILL #2130,10116 RIVER RD,STE B,POTOMAC,20854,07/27/2023,No Critical Violations Noted,In Compliance,In Compliance,In Compliance,In Compliance,In Compliance,In Compliance,In Compliance,In Compliance,In Compliance,In Compliance,In Compliance,In Compliance,In Compliance,Not applicable,In Compliance,In Compliance,,CHIPOTLE MEXICAN GRILL OF COLORADO LLC,Restaurant,Food,39.0164,-77.209,"(39.0164, -77.209)"
CHIPOTLE MEXICAN GRILL #2130,10116 RIVER RD,STE B,POTOMAC,20854,07/27/2023,No Critical Violations Noted,In Compliance,In Compliance,In Compliance,In Compliance,In Compliance,In Compliance,In Compliance,In Compliance,In Compliance,In Compliance,In Compliance,In Compliance,In Compliance,Not applicable,In Compliance,In Compliance,Monitoring w/Complaint Investigation,CHIPOTLE MEXICAN GRILL OF COLORADO LLC,Restaurant,Food,39.0164,-77.209,"(39.0164, -77.209)"
CHIPOTLE MEXICAN GRILL,13801 OUTLET DR,,SILVER SPRING,20904,10/10/2023,No Critical Violations Noted,In Compliance,In Compliance,In Compliance,In Compliance,In Compliance,In Compliance,In Compliance,In Compliance,In Compliance,In Compliance,In Compliance,In Compliance,In Compliance,Not applicable,In Compliance,In Compliance,Comprehensive,CHIPOTLE MEXICAN GRILL OF COLOARADO LLC,Restaurant,Food,39.0822,-76.9468,"(39.0822, -76.9468)"
CHIPOTLE MEXICAN GRILL #0683,13501 CONNECTICUT AVE.,,SILVER SPRING,20906,11/09/2023,No Critical Violations Noted,In Compliance,In Compliance,In Compliance,In Compliance,In Compliance,In Compliance,In Compliance,In Compliance,In Compliance,In Compliance,In Compliance,In Compliance,In Compliance,Not applicable,In Compliance,In Compliance,Monitoring w/Complaint Investigation,CHIPOTLE MEXICAN GRILL OF COLORADO LLC,Restaurant,Food,39.0767,-77.08,"(39.0767, -77.08)"
CHIPOTLE MEXICAN GRILL #0278,4471 WILLARD AVE.,,CHEVY CHASE,20815,09/13/2023,No Critical Violations Noted,In Compliance,In Compliance,In Compliance,In Compliance,In Compliance,In Compliance,In Compliance,In Compliance,In Compliance,In Compliance,In Compliance,In Compliance,In Compliance,Not applicable,In Compliance,In Compliance,Reinspection,CHIPOTLE MEXICAN GRILL OF COLORADO LLC,Restaurant,Food,38.9622,-77.0886,"(38.9622, -77.0886)"
CHIPOTLE MEXICAN GRILL #1147,865-B ROCKVILLE PIKE,,ROCKVILLE,20851,09/18/2023,No Critical Violations Noted,In Compliance,In Compliance,In Compliance,In Compliance,In Compliance,In Compliance,In Compliance,In Compliance,In Compliance,In Compliance,In Compliance,In Compliance,In Compliance,Not applicable,In Compliance,In Compliance,Complaint Invest w/Comprehensive,CHIPOTLE MEXICAN GRILL OF COLORADO LLC,Restaurant,Food,39.0752,-77.1378,"(39.0752, -77.1378)"
CHIPOTLE MEXICAN GRILL #0278,4471 WILLARD AVE.,,CHEVY CHASE,20815,08/28/2023,No Critical Violations Noted,In Compliance,In Compliance,In Compliance,In Compliance,In Compliance,In Compliance,In Compliance,In Compliance,In Compliance,In Compliance,In Compliance,In Compliance,Out of Compliance,Not applicable,In Compliance,In Compliance,Complaint Invest w/Comprehensive,CHIPOTLE MEXICAN GRILL OF COLORADO LLC,Restaurant,Food,38.9622,-77.0886,"(38.9622, -77.0886)"
CHIPOTLE MEXICAN GRILL #1449,3333 OLNEY SANDY SPRING RD #101,,OLNEY,20832,09/01/2023,No Critical Violations Noted,In Compliance,In Compliance,In Compliance,In Compliance,In Compliance,In Compliance,In Compliance,In Compliance,In Compliance,In Compliance,In Compliance,In Compliance,In Compliance,Not applicable,In Compliance,In Compliance,Comprehensive,CHIPOTLE MEXICAN GRILL OF COLORADO LLC,Restaurant,Food,39.1533,-77.0661,"(39.1533, -77.0661)"
CHIPOTLE MEXICAN GRILL #0447,12060 CHERRY HILL RD.,,SILVER SPRING,20904,08/31/2023,No Critical Violations Noted,In Compliance,In Compliance,In Compliance,In Compliance,In Compliance,In Compliance,In Compliance,In Compliance,In Compliance,In Compliance,In Compliance,In Compliance,In Compliance,Not applicable,In Compliance,In Compliance,Comprehensive,CHIPOTLE MEXICAN GRILL OF COLORADO LLC,Restaurant,Food,39.0555,-76.9549,"(39.0555, -76.9549)"
CHIPOTLE MEXICAN GRILL #0411,"907 ELLSWORTH DR.,",,SILVER SPRING,20910,09/05/2023,No Critical Violations Noted,In Compliance,In Compliance,In Compliance,In Compliance,In Compliance,In Compliance,In Compliance,In Compliance,In Compliance,In Compliance,In Compliance,In Compliance,In Compliance,Not applicable,In Compliance,In Compliance,Monitoring,CHIPOTLE MEXICAN GRILL,Restaurant,Food,38.9965,-77.026,"(38.9965, -77.026)"
CHIPOTLE MEXICAN GRILL #1334,19881 CENTURY BLVD,,GERMANTOWN,20874,09/21/2023,No Critical Violations Noted,In Compliance,In Compliance,In Compliance,In Compliance,In Compliance,In Compliance,In Compliance,In Compliance,In Compliance,In Compliance,In Compliance,In Compliance,In Compliance,Not applicable,In Compliance,In Compliance,Complaint Invest w/Comprehensive,"CHIPOTLE MEXICAN GRILL OF COLORADO, LLC.",Restaurant,Food,39.1826,-77.2639,"(39.1826, -77.2639)"
CHIPOTLE MEXICAN GRILL #2668,10161 NEW HAMPSHIRE AVE,,SILVER SPRING,20903,09/11/2023,No Critical Violations Noted,In Compliance,In Compliance,In Compliance,In Compliance,In Compliance,In Compliance,In Compliance,In Compliance,In Compliance,In Compliance,In Compliance,In Compliance,In Compliance,Not applicable,In Compliance,In Compliance,Comprehensive,"CHIPOTLE MEXICAN GRILL OF COLORADO, LLC",Restaurant,Food,39.0219,-76.9765,"(39.0219, -76.9765)"
CHIPOTLE MEXICAN GRILL #2781,20940-A NORTH FREDERICK AVE,,GERMANTOWN,20876,09/29/2023,No Critical Violations Noted,In Compliance,In Compliance,In Compliance,In Compliance,In Compliance,In Compliance,In Compliance,In Compliance,In Compliance,In Compliance,In Compliance,In Compliance,Out of Compliance,Not applicable,In Compliance,In Compliance,Comprehensive,CHIPOTLE MEXICAN GRILL OF COLORADO LLC,Restaurant,Food,39.2034,-77.2484,"(39.2034, -77.2484)"
CHIPOTLE MEXICAN GRILL #0461,96 MAIN ST.,,GAITHERSBURG,20878,10/05/2023,No Critical Violations Noted,In Compliance,In Compliance,In Compliance,In Compliance,In Compliance,In Compliance,In Compliance,In Compliance,In Compliance,In Compliance,In Compliance,In Compliance,In Compliance,Not applicable,In Compliance,In Compliance,Comprehensive,CHIPOTLE MEXICAN GRILL OF COLORADO LLC,Restaurant,Food,39.1246,-77.237,"(39.1246, -77.237)"
CHIPOTLE MEXICAN GRILL #1822,9815 MAIN STREET,STE 104,DAMASCUS,20872,10/10/2023,No Critical Violations Noted,In Compliance,In Compliance,In Compliance,In Compliance,In Compliance,In Compliance,In Compliance,In Compliance,In Compliance,In Compliance,In Compliance,In Compliance,In Compliance,Not applicable,In Compliance,In Compliance,Comprehensive,CHIPOTLE MEXICAN GRILL OF COLORADO LLC,Restaurant,Food,39.2888,-77.2025,"(39.2888, -77.2025)"
CHIPOTLE MEXICAN GRILL #0683,13501 CONNECTICUT AVE.,,SILVER SPRING,20906,10/09/2023,No Critical Violations Noted,In Compliance,In Compliance,In Compliance,In Compliance,In Compliance,In Compliance,In Compliance,In Compliance,In Compliance,In Compliance,In Compliance,In Compliance,In Compliance,Not applicable,In Compliance,In Compliance,Complaint Invest w/Comprehensive,CHIPOTLE MEXICAN GRILL OF COLORADO LLC,Restaurant,Food,39.0767,-77.08,"(39.0767, -77.08)"
CHIPOTLE MEXICAN GRILL #2245,11802 ROCKVILLE PIKE,Unit #F,ROCKVILLE,20852,11/20/2023,No Critical Violations Noted,In Compliance,In Compliance,In Compliance,In Compliance,In Compliance,In Compliance,In Compliance,In Compliance,In Compliance,In Compliance,In Compliance,In Compliance,In Compliance,Not applicable,In Compliance,In Compliance,Comprehensive,CHIPOTLE MEXICAN GRILL OF COLORADO LLC,Restaurant,Food,39.0498,-77.1153,"(39.0498, -77.1153)"
CHIPOTLE MEXICAN GRILL #0293,14925 SHADY GROVE RD.,,ROCKVILLE,20850,11/27/2023,No Critical Violations Noted,In Compliance,In Compliance,In Compliance,In Compliance,In Compliance,In Compliance,In Compliance,In Compliance,In Compliance,In Compliance,In Compliance,In Compliance,In Compliance,Not applicable,In Compliance,In Compliance,Comprehensive,CHIPOTLE MEXICAN GRILL OF COLORADO LLC,,Food,39.0964,-77.1924,"(39.0964, -77.1924)"
CHIPOTLE MEXICAN GRILL #1225,10400 OLD GEORGETOWN RD,,BETHESDA,20817,12/04/2023,Critical Violations Corrected,In Compliance,In Compliance,In Compliance,In Compliance,In Compliance,Out of Compliance,In Compliance,In Compliance,In Compliance,In Compliance,In Compliance,In Compliance,In Compliance,Not applicable,In Compliance,In Compliance,Comprehensive,"CHIPOTLE MEXICAN GRILL OF COLORADO, LLC.",Restaurant,Food,39.0263,-77.1276,"(39.0263, -77.1276)"
CHIPOTLE MEXICAN GRILL #0683,13501 CONNECTICUT AVE.,,SILVER SPRING,20906,05/02/2023,No Critical Violations Noted,In Compliance,In Compliance,In Compliance,In Compliance,In Compliance,In Compliance,In Compliance,In Compliance,In Compliance,In Compliance,In Compliance,In Compliance,In Compliance,Not applicable,In Compliance,In Compliance,Monitoring w/Complaint Investigation,CHIPOTLE MEXICAN GRILL OF COLORADO LLC,Restaurant,Food,39.0767,-77.08,"(39.0767, -77.08)"
CHIPOTLE MEXICAN GRILL #2781,20940-A NORTH FREDERICK AVE,,GERMANTOWN,20876,09/01/2022,Critical Violations Corrected,In Compliance,In Compliance,In Compliance,In Compliance,In Compliance,Out of Compliance,In Compliance,In Compliance,In Compliance,In Compliance,In Compliance,In Compliance,In Compliance,Not applicable,In Compliance,In Compliance,Comprehensive,CHIPOTLE MEXICAN GRILL OF COLORADO LLC,Restaurant,Food,39.2034,-77.2484,"(39.2034, -77.2484)"
CHIPOTLE MEXICAN GRILL #2781,20940-A NORTH FREDERICK AVE,,GERMANTOWN,20876,02/04/2022,No Critical Violations Noted,In Compliance,In Compliance,In Compliance,In Compliance,In Compliance,In Compliance,In Compliance,In Compliance,In Compliance,In Compliance,In Compliance,In Compliance,In Compliance,Not applicable,In Compliance,In Compliance,Monitoring,CHIPOTLE MEXICAN GRILL OF COLORADO LLC,Restaurant,Food,39.2034,-77.2484,"(39.2034, -77.2484)"
CHIPOTLE MEXICAN GRILL #2668,10161 NEW HAMPSHIRE AVE,,SILVER SPRING,20903,12/06/2022,No Critical Violations Noted,In Compliance,In Compliance,In Compliance,In Compliance,In Compliance,In Compliance,In Compliance,In Compliance,In Compliance,In Compliance,In Compliance,In Compliance,In Compliance,Not applicable,In Compliance,In Compliance,Comprehensive,"CHIPOTLE MEXICAN GRILL OF COLORADO, LLC",Restaurant,Food,39.0219,-76.9765,"(39.0219, -76.9765)"
CHIPOTLE MEXICAN GRILL #1822,9815 MAIN STREET,STE 104,DAMASCUS,20872,08/31/2022,Critical Violations Corrected,In Compliance,In Compliance,In Compliance,In Compliance,In Compliance,Out of Compliance,In Compliance,In Compliance,In Compliance,In Compliance,In Compliance,In Compliance,In Compliance,Not applicable,In Compliance,In Compliance,Comprehensive,CHIPOTLE MEXICAN GRILL OF COLORADO LLC,Restaurant,Food,39.2888,-77.2025,"(39.2888, -77.2025)"
CHIPOTLE MEXICAN GRILL #1334,19881 CENTURY BLVD,,GERMANTOWN,20874,12/15/2021,No Critical Violations Noted,In Compliance,In Compliance,In Compliance,In Compliance,In Compliance,In Compliance,In Compliance,In Compliance,In Compliance,In Compliance,In Compliance,In Compliance,In Compliance,Not applicable,In Compliance,In Compliance,Complaint Invest w/Comprehensive,"CHIPOTLE MEXICAN GRILL OF COLORADO, LLC.",Restaurant,Food,39.1826,-77.2639,"(39.1826, -77.2639)"
CHIPOTLE MEXICAN GRILL #2055,11160 VEIRS MILL RD,SPACE P208C,SILVER SPRING,20902,03/21/2022,Critical Violations Corrected,In Compliance,In Compliance,In Compliance,In Compliance,In Compliance,Out of Compliance,In Compliance,In Compliance,In Compliance,In Compliance,In Compliance,In Compliance,In Compliance,Not applicable,In Compliance,In Compliance,Monitoring,CHOPOTLE MEXICAN GRILL OF COLORADO LLC,Restaurant,Food,39.037,-77.0539,"(39.037, -77.0539)"
CHIPOTLE MEXICAN GRILL #2388,7101 DEMOCRACY BLVD,SPACE #FC17,BETHESDA,20814,12/15/2022,Critical Violations Corrected,In Compliance,In Compliance,In Compliance,In Compliance,In Compliance,Out of Compliance,In Compliance,In Compliance,In Compliance,In Compliance,In Compliance,In Compliance,In Compliance,Not applicable,In Compliance,In Compliance,Monitoring,CHIPOTLE MEXICAN GRILL OF COLORADO LLC,Restaurant,Food,39.0221,-77.1471,"(39.0221, -77.1471)"
CHIPOTLE MEXICAN GRILL #1439,10526 CONNECTICUT AVE.,,KENSINGTON,20895,06/27/2022,No Critical Violations Noted,In Compliance,In Compliance,In Compliance,In Compliance,In Compliance,In Compliance,In Compliance,In Compliance,In Compliance,In Compliance,In Compliance,In Compliance,In Compliance,Not applicable,In Compliance,In Compliance,Monitoring,"CHIPOTLE MEXICAN GRILL OF COLORADO, LLC.",Restaurant,Food,39.0279,-77.0768,"(39.0279, -77.0768)"
CHIPOTLE MEXICAN GRILL #1439,10526 CONNECTICUT AVE.,,KENSINGTON,20895,12/21/2022,No Critical Violations Noted,In Compliance,In Compliance,In Compliance,In Compliance,In Compliance,In Compliance,In Compliance,In Compliance,In Compliance,In Compliance,In Compliance,In Compliance,In Compliance,Not applicable,In Compliance,In Compliance,Monitoring w/Complaint Investigation,"CHIPOTLE MEXICAN GRILL OF COLORADO, LLC.",Restaurant,Food,39.0279,-77.0768,"(39.0279, -77.0768)"
CHIPOTLE MEXICAN GRILL #1225,10400 OLD GEORGETOWN RD,,BETHESDA,20817,08/26/2022,Critical Violations Corrected,In Compliance,In Compliance,In Compliance,In Compliance,In Compliance,Out of Compliance,In Compliance,In Compliance,In Compliance,In Compliance,In Compliance,In Compliance,In Compliance,Not applicable,Out of Compliance,In Compliance,Monitoring,"CHIPOTLE MEXICAN GRILL OF COLORADO, LLC.",Restaurant,Food,39.0263,-77.1276,"(39.0263, -77.1276)"
CHIPOTLE MEXICAN GRILL #2130,10116 RIVER RD,STE B,POTOMAC,20854,01/20/2022,No Critical Violations Noted,In Compliance,In Compliance,In Compliance,In Compliance,In Compliance,In Compliance,In Compliance,In Compliance,In Compliance,In Compliance,In Compliance,In Compliance,In Compliance,Not applicable,In Compliance,In Compliance,Monitoring,CHIPOTLE MEXICAN GRILL OF COLORADO LLC,Restaurant,Food,39.0164,-77.209,"(39.0164, -77.209)"
CHIPOTLE MEXICAN GRILL #0044,7600 OLD GEORGETOWN RD.,,BETHESDA,20814,02/01/2022,No Critical Violations Noted,In Compliance,In Compliance,In Compliance,In Compliance,In Compliance,In Compliance,In Compliance,In Compliance,In Compliance,In Compliance,In Compliance,In Compliance,In Compliance,Not applicable,In Compliance,In Compliance,Monitoring,CHIPOTLE MEXICAN GRILL OF COLORADO LLC,Restaurant,Food,38.9858,-77.0964,"(38.9858, -77.0964)"
CHIPOTLE MEXICAN GRILL #0103,564 N. FREDERICK AVE.,,GAITHERSBURG,20877,06/14/2023,No Critical Violations Noted,In Compliance,In Compliance,In Compliance,In Compliance,In Compliance,In Compliance,In Compliance,In Compliance,In Compliance,In Compliance,In Compliance,In Compliance,In Compliance,Not applicable,In Compliance,In Compliance,Monitoring,CHIPOTLE MEXICAN GRILL OF COLORADO LLC,Restaurant,Food,39.1484,-77.2101,"(39.1484, -77.2101)"
CHIPOTLE MEXICAN GRILL,13801 OUTLET DR,,SILVER SPRING,20904,03/07/2023,No Critical Violations Noted,In Compliance,In Compliance,In Compliance,In Compliance,In Compliance,In Compliance,In Compliance,In Compliance,In Compliance,In Compliance,In Compliance,In Compliance,In Compliance,Not applicable,In Compliance,In Compliance,Pre-Opening - Environmental,CHIPOTLE MEXICAN GRILL OF COLOARADO LLC,Restaurant,Food,39.0822,-76.9468,"(39.0822, -76.9468)"
CHIPOTLE MEXICAN GRILL #0411,"907 ELLSWORTH DR.,",,SILVER SPRING,20910,03/23/2023,No Critical Violations Noted,In Compliance,In Compliance,In Compliance,In Compliance,In Compliance,In Compliance,In Compliance,In Compliance,In Compliance,In Compliance,In Compliance,In Compliance,In Compliance,Not applicable,In Compliance,In Compliance,Food Complaint,CHIPOTLE MEXICAN GRILL,Restaurant,Food,38.9965,-77.026,"(38.9965, -77.026)"
CHIPOTLE MEXICAN GRILL #1449,3333 OLNEY SANDY SPRING RD #101,,OLNEY,20832,07/11/2022,No Critical Violations Noted,In Compliance,In Compliance,In Compliance,In Compliance,In Compliance,In Compliance,In Compliance,In Compliance,In Compliance,In Compliance,In Compliance,In Compliance,In Compliance,Not applicable,In Compliance,In Compliance,Comprehensive,CHIPOTLE MEXICAN GRILL OF COLORADO LLC,Restaurant,Food,39.1533,-77.0661,"(39.1533, -77.0661)"
CHIPOTLE MEXICAN GRILL #0044,7600 OLD GEORGETOWN RD.,,BETHESDA,20814,06/20/2023,No Critical Violations Noted,In Compliance,In Compliance,In Compliance,In Compliance,In Compliance,In Compliance,In Compliance,In Compliance,In Compliance,In Compliance,In Compliance,In Compliance,In Compliance,Not applicable,In Compliance,In Compliance,Monitoring,CHIPOTLE MEXICAN GRILL OF COLORADO LLC,Restaurant,Food,38.9858,-77.0964,"(38.9858, -77.0964)"
CHIPOTLE MEXICAN GRILL #0411,"907 ELLSWORTH DR.,",,SILVER SPRING,20910,01/19/2022,No Critical Violations Noted,In Compliance,In Compliance,In Compliance,In Compliance,In Compliance,In Compliance,In Compliance,In Compliance,In Compliance,In Compliance,In Compliance,In Compliance,In Compliance,Not applicable,In Compliance,In Compliance,Monitoring,CHIPOTLE MEXICAN GRILL,Restaurant,Food,38.9965,-77.026,"(38.9965, -77.026)"
CHIPOTLE MEXICAN GRILL #1225,10400 OLD GEORGETOWN RD,,BETHESDA,20817,01/18/2023,No Critical Violations Noted,In Compliance,In Compliance,In Compliance,In Compliance,In Compliance,In Compliance,In Compliance,In Compliance,In Compliance,In Compliance,In Compliance,In Compliance,Out of Compliance,Not applicable,Out of Compliance,In Compliance,Comprehensive,"CHIPOTLE MEXICAN GRILL OF COLORADO, LLC.",Restaurant,Food,39.0263,-77.1276,"(39.0263, -77.1276)"
CHIPOTLE MEXICAN GRILL #1449,3333 OLNEY SANDY SPRING RD #101,,OLNEY,20832,11/02/2022,No Critical Violations Noted,In Compliance,In Compliance,In Compliance,In Compliance,In Compliance,In Compliance,In Compliance,In Compliance,In Compliance,In Compliance,In Compliance,In Compliance,In Compliance,Not applicable,In Compliance,In Compliance,Monitoring,CHIPOTLE MEXICAN GRILL OF COLORADO LLC,Restaurant,Food,39.1533,-77.0661,"(39.1533, -77.0661)"
CHIPOTLE MEXICAN GRILL #2331,205 BOARDWALK PLACE,,GAITHERSBURG,20878,01/21/2022,Critical Violations Corrected,In Compliance,In Compliance,In Compliance,In Compliance,In Compliance,In Compliance,Out of Compliance,In Compliance,In Compliance,In Compliance,In Compliance,In Compliance,In Compliance,Not applicable,In Compliance,In Compliance,Monitoring,CHIPOTLE MEXICAN GRILL OF COLORADO LLC,Restaurant,Food,39.1166,-77.1985,"(39.1166, -77.1985)"
CHIPOTLE MEXICAN GRILL #2388,7101 DEMOCRACY BLVD,SPACE #FC17,BETHESDA,20814,06/28/2023,Critical Violations Corrected,In Compliance,In Compliance,In Compliance,In Compliance,In Compliance,Out of Compliance,In Compliance,In Compliance,In Compliance,In Compliance,In Compliance,In Compliance,In Compliance,Not applicable,In Compliance,In Compliance,Monitoring w/Complaint Investigation,CHIPOTLE MEXICAN GRILL OF COLORADO LLC,Restaurant,Food,39.0221,-77.1471,"(39.0221, -77.1471)"
CHIPOTLE MEXICAN GRILL #0411,"907 ELLSWORTH DR.,",,SILVER SPRING,20910,06/29/2022,No Critical Violations Noted,In Compliance,In Compliance,In Compliance,In Compliance,In Compliance,In Compliance,In Compliance,In Compliance,In Compliance,In Compliance,In Compliance,In Compliance,In Compliance,Not applicable,In Compliance,In Compliance,Monitoring w/Complaint Investigation,CHIPOTLE MEXICAN GRILL,Restaurant,Food,38.9965,-77.026,"(38.9965, -77.026)"
CHIPOTLE MEXICAN GRILL #0411,"907 ELLSWORTH DR.,",,SILVER SPRING,20910,04/20/2022,No Critical Violations Noted,In Compliance,In Compliance,In Compliance,In Compliance,In Compliance,In Compliance,In Compliance,In Compliance,In Compliance,In Compliance,In Compliance,In Compliance,In Compliance,Not applicable,In Compliance,In Compliance,Monitoring,CHIPOTLE MEXICAN GRILL,Restaurant,Food,38.9965,-77.026,"(38.9965, -77.026)"
CHIPOTLE MEXICAN GRILL #1225,10400 OLD GEORGETOWN RD,,BETHESDA,20817,01/28/2022,No Critical Violations Noted,In Compliance,In Compliance,In Compliance,In Compliance,In Compliance,In Compliance,In Compliance,In Compliance,In Compliance,In Compliance,In Compliance,In Compliance,In Compliance,Not applicable,In Compliance,In Compliance,Monitoring,"CHIPOTLE MEXICAN GRILL OF COLORADO, LLC.",Restaurant,Food,39.0263,-77.1276,"(39.0263, -77.1276)"
CHIPOTLE MEXICAN GRILL #1147,865-B ROCKVILLE PIKE,,ROCKVILLE,20851,05/20/2022,No Critical Violations Noted,In Compliance,In Compliance,In Compliance,In Compliance,In Compliance,In Compliance,In Compliance,In Compliance,In Compliance,In Compliance,In Compliance,In Compliance,In Compliance,Not applicable,In Compliance,In Compliance,Comprehensive,CHIPOTLE MEXICAN GRILL OF COLORADO LLC,Restaurant,Food,39.0752,-77.1378,"(39.0752, -77.1378)"
CHIPOTLE MEXICAN GRILL #1449,3333 OLNEY SANDY SPRING RD #101,,OLNEY,20832,03/03/2023,No Critical Violations Noted,In Compliance,In Compliance,In Compliance,In Compliance,In Compliance,In Compliance,In Compliance,In Compliance,In Compliance,In Compliance,In Compliance,In Compliance,In Compliance,Not applicable,In Compliance,In Compliance,Monitoring,CHIPOTLE MEXICAN GRILL OF COLORADO LLC,Restaurant,Food,39.1533,-77.0661,"(39.1533, -77.0661)"
CHIPOTLE MEXICAN GRILL #0103,564 N. FREDERICK AVE.,,GAITHERSBURG,20877,11/23/2022,No Critical Violations Noted,In Compliance,In Compliance,In Compliance,In Compliance,In Compliance,In Compliance,In Compliance,In Compliance,In Compliance,In Compliance,In Compliance,In Compliance,In Compliance,Not applicable,In Compliance,In Compliance,Comprehensive,CHIPOTLE MEXICAN GRILL OF COLORADO LLC,Restaurant,Food,39.1484,-77.2101,"(39.1484, -77.2101)"
CHIPOTLE MEXICAN GRILL #0461,96 MAIN ST.,,GAITHERSBURG,20878,07/20/2022,No Critical Violations Noted,In Compliance,In Compliance,In Compliance,In Compliance,In Compliance,In Compliance,In Compliance,In Compliance,In Compliance,In Compliance,In Compliance,In Compliance,In Compliance,Not applicable,In Compliance,In Compliance,Comprehensive,CHIPOTLE MEXICAN GRILL OF COLORADO LLC,Restaurant,Food,39.1246,-77.237,"(39.1246, -77.237)"
CHIPOTLE MEXICAN GRILL #1147,865-B ROCKVILLE PIKE,,ROCKVILLE,20851,03/30/2023,Critical Violations Corrected,In Compliance,In Compliance,In Compliance,In Compliance,In Compliance,In Compliance,Out of Compliance,In Compliance,In Compliance,In Compliance,In Compliance,In Compliance,In Compliance,Not applicable,In Compliance,In Compliance,Monitoring,CHIPOTLE MEXICAN GRILL OF COLORADO LLC,Restaurant,Food,39.0752,-77.1378,"(39.0752, -77.1378)"
CHIPOTLE MEXICAN GRILL #2130,10116 RIVER RD,STE B,POTOMAC,20854,05/05/2022,No Critical Violations Noted,In Compliance,In Compliance,In Compliance,In Compliance,In Compliance,In Compliance,In Compliance,In Compliance,In Compliance,In Compliance,In Compliance,In Compliance,In Compliance,Not applicable,In Compliance,In Compliance,Monitoring,CHIPOTLE MEXICAN GRILL OF COLORADO LLC,Restaurant,Food,39.0164,-77.209,"(39.0164, -77.209)"
CHIPOTLE MEXICAN GRILL #2130,10116 RIVER RD,STE B,POTOMAC,20854,01/04/2023,Critical Violations Corrected,In Compliance,In Compliance,In Compliance,In Compliance,In Compliance,Out of Compliance,In Compliance,In Compliance,In Compliance,In Compliance,In Compliance,In Compliance,In Compliance,Not applicable,In Compliance,In Compliance,Monitoring,CHIPOTLE MEXICAN GRILL OF COLORADO LLC,Restaurant,Food,39.0164,-77.209,"(39.0164, -77.209)"
CHIPOTLE MEXICAN GRILL #1439,10526 CONNECTICUT AVE.,,KENSINGTON,20895,02/22/2022,Critical Violations Corrected,In Compliance,In Compliance,In Compliance,In Compliance,In Compliance,In Compliance,In Compliance,In Compliance,In Compliance,In Compliance,In Compliance,In Compliance,In Compliance,Not applicable,In Compliance,In Compliance,Monitoring,"CHIPOTLE MEXICAN GRILL OF COLORADO, LLC.",Restaurant,Food,39.0279,-77.0768,"(39.0279, -77.0768)"
CHIPOTLE MEXICAN GRILL #0447,12060 CHERRY HILL RD.,,SILVER SPRING,20904,12/22/2021,No Critical Violations Noted,In Compliance,In Compliance,In Compliance,In Compliance,In Compliance,In Compliance,In Compliance,In Compliance,In Compliance,In Compliance,In Compliance,In Compliance,In Compliance,Not applicable,In Compliance,In Compliance,Comprehensive,CHIPOTLE MEXICAN GRILL OF COLORADO LLC,Restaurant,Food,39.0555,-76.9549,"(39.0555, -76.9549)"
CHIPOTLE MEXICAN GRILL #0411,"907 ELLSWORTH DR.,",,SILVER SPRING,20910,02/28/2023,No Critical Violations Noted,In Compliance,In Compliance,In Compliance,In Compliance,In Compliance,In Compliance,In Compliance,In Compliance,In Compliance,In Compliance,In Compliance,In Compliance,In Compliance,Not applicable,In Compliance,In Compliance,Complaint Invest w/Comprehensive,CHIPOTLE MEXICAN GRILL,Restaurant,Food,38.9965,-77.026,"(38.9965, -77.026)"
CHIPOTLE MEXICAN GRILL #0278,4471 WILLARD AVE.,,CHEVY CHASE,20815,07/21/2022,Critical Violations Corrected,In Compliance,In Compliance,In Compliance,Out of Compliance,In Compliance,In Compliance,In Compliance,In Compliance,In Compliance,In Compliance,In Compliance,In Compliance,In Compliance,Not applicable,In Compliance,In Compliance,Monitoring,CHIPOTLE MEXICAN GRILL OF COLORADO LLC,Restaurant,Food,38.9622,-77.0886,"(38.9622, -77.0886)"
CHIPOTLE MEXICAN GRILL #2245,11802 ROCKVILLE PIKE,Unit #F,ROCKVILLE,20852,02/11/2022,No Critical Violations Noted,In Compliance,In Compliance,In Compliance,In Compliance,In Compliance,In Compliance,In Compliance,In Compliance,In Compliance,In Compliance,In Compliance,In Compliance,In Compliance,Not applicable,In Compliance,In Compliance,Monitoring,CHIPOTLE MEXICAN GRILL OF COLORADO LLC,Restaurant,Food,39.0498,-77.1153,"(39.0498, -77.1153)"
CHIPOTLE MEXICAN GRILL #1822,9815 MAIN STREET,STE 104,DAMASCUS,20872,01/26/2023,No Critical Violations Noted,In Compliance,In Compliance,In Compliance,In Compliance,In Compliance,In Compliance,In Compliance,In Compliance,In Compliance,In Compliance,In Compliance,In Compliance,In Compliance,Not applicable,In Compliance,In Compliance,Monitoring,CHIPOTLE MEXICAN GRILL OF COLORADO LLC,Restaurant,Food,39.2888,-77.2025,"(39.2888, -77.2025)"
CHIPOTLE MEXICAN GRILL #2331,205 BOARDWALK PLACE,,GAITHERSBURG,20878,07/23/2023,Critical Violations Corrected,In Compliance,In Compliance,In Compliance,In Compliance,Out of Compliance,Out of Compliance,In Compliance,In Compliance,In Compliance,In Compliance,In Compliance,In Compliance,In Compliance,Not applicable,In Compliance,In Compliance,Comprehensive,CHIPOTLE MEXICAN GRILL OF COLORADO LLC,Restaurant,Food,39.1166,-77.1985,"(39.1166, -77.1985)"
CHIPOTLE MEXICAN GRILL #0293,14925 SHADY GROVE RD.,,ROCKVILLE,20850,03/03/2022,Critical Violations Corrected,In Compliance,In Compliance,In Compliance,In Compliance,In Compliance,In Compliance,Out of Compliance,Out of Compliance,In Compliance,In Compliance,In Compliance,In Compliance,In Compliance,Not applicable,In Compliance,In Compliance,Monitoring,CHIPOTLE MEXICAN GRILL OF COLORADO LLC,,Food,39.0964,-77.1924,"(39.0964, -77.1924)"
CHIPOTLE MEXICAN GRILL #2245,11802 ROCKVILLE PIKE,Unit #F,ROCKVILLE,20852,04/25/2023,No Critical Violations Noted,In Compliance,In Compliance,In Compliance,In Compliance,In Compliance,In Compliance,In Compliance,In Compliance,In Compliance,In Compliance,In Compliance,In Compliance,In Compliance,Not applicable,In Compliance,In Compliance,Complaint Invest w/Comprehensive,CHIPOTLE MEXICAN GRILL OF COLORADO LLC,Restaurant,Food,39.0498,-77.1153,"(39.0498, -77.1153)"
CHIPOTLE MEXICAN GRILL #0683,13501 CONNECTICUT AVE.,,SILVER SPRING,20906,01/20/2023,No Critical Violations Noted,In Compliance,In Compliance,In Compliance,In Compliance,In Compliance,In Compliance,In Compliance,In Compliance,In Compliance,In Compliance,In Compliance,In Compliance,In Compliance,Not applicable,In Compliance,In Compliance,Monitoring,CHIPOTLE MEXICAN GRILL OF COLORADO LLC,Restaurant,Food,39.0767,-77.08,"(39.0767, -77.08)"
CHIPOTLE MEXICAN GRILL #0278,4471 WILLARD AVE.,,CHEVY CHASE,20815,12/14/2022,No Critical Violations Noted,In Compliance,In Compliance,In Compliance,In Compliance,In Compliance,In Compliance,In Compliance,In Compliance,In Compliance,In Compliance,In Compliance,In Compliance,In Compliance,Not applicable,In Compliance,In Compliance,Monitoring,CHIPOTLE MEXICAN GRILL OF COLORADO LLC,Restaurant,Food,38.9622,-77.0886,"(38.9622, -77.0886)"
CHIPOTLE MEXICAN GRILL #2388,7101 DEMOCRACY BLVD,SPACE #FC17,BETHESDA,20814,05/26/2023,No Critical Violations Noted,In Compliance,In Compliance,In Compliance,In Compliance,In Compliance,In Compliance,In Compliance,In Compliance,In Compliance,In Compliance,In Compliance,In Compliance,In Compliance,Not applicable,In Compliance,In Compliance,Monitoring w/Complaint Investigation,CHIPOTLE MEXICAN GRILL OF COLORADO LLC,Restaurant,Food,39.0221,-77.1471,"(39.0221, -77.1471)"
CHIPOTLE MEXICAN GRILL #1334,19881 CENTURY BLVD,,GERMANTOWN,20874,10/17/2022,No Critical Violations Noted,In Compliance,In Compliance,In Compliance,In Compliance,In Compliance,In Compliance,In Compliance,In Compliance,In Compliance,In Compliance,In Compliance,In Compliance,In Compliance,Not applicable,In Compliance,In Compliance,Comprehensive,"CHIPOTLE MEXICAN GRILL OF COLORADO, LLC.",Restaurant,Food,39.1826,-77.2639,"(39.1826, -77.2639)"
CHIPOTLE MEXICAN GRILL #0103,564 N. FREDERICK AVE.,,GAITHERSBURG,20877,01/20/2022,No Critical Violations Noted,In Compliance,In Compliance,In Compliance,In Compliance,In Compliance,In Compliance,In Compliance,In Compliance,In Compliance,In Compliance,In Compliance,In Compliance,In Compliance,Not applicable,In Compliance,In Compliance,Monitoring,CHIPOTLE MEXICAN GRILL OF COLORADO LLC,Restaurant,Food,39.1484,-77.2101,"(39.1484, -77.2101)"
CHIPOTLE MEXICAN GRILL #0044,7600 OLD GEORGETOWN RD.,,BETHESDA,20814,12/07/2022,Critical Violations Corrected,In Compliance,In Compliance,In Compliance,In Compliance,In Compliance,In Compliance,Out of Compliance,In Compliance,In Compliance,In Compliance,In Compliance,In Compliance,In Compliance,Not applicable,In Compliance,In Compliance,Comprehensive,CHIPOTLE MEXICAN GRILL OF COLORADO LLC,Restaurant,Food,38.9858,-77.0964,"(38.9858, -77.0964)"
CHIPOTLE MEXICAN GRILL #1608,10135 COLESVILLE RD.,,SILVER SPRING,20901,09/09/2022,No Critical Violations Noted,In Compliance,In Compliance,In Compliance,In Compliance,In Compliance,In Compliance,In Compliance,In Compliance,In Compliance,In Compliance,In Compliance,In Compliance,In Compliance,Not applicable,In Compliance,In Compliance,Monitoring,CHIPOTLE MEXICAN GRILL,Restaurant,Food,39.0209,-77.0119,"(39.0209, -77.0119)"
CHIPOTLE MEXICAN GRILL #0447,12060 CHERRY HILL RD.,,SILVER SPRING,20904,09/01/2022,No Critical Violations Noted,In Compliance,In Compliance,In Compliance,In Compliance,In Compliance,In Compliance,In Compliance,In Compliance,In Compliance,In Compliance,In Compliance,In Compliance,In Compliance,Not applicable,In Compliance,In Compliance,Monitoring,CHIPOTLE MEXICAN GRILL OF COLORADO LLC,Restaurant,Food,39.0555,-76.9549,"(39.0555, -76.9549)"
CHIPOTLE MEXICAN GRILL #0447,12060 CHERRY HILL RD.,,SILVER SPRING,20904,01/23/2023,No Critical Violations Noted,In Compliance,In Compliance,In Compliance,In Compliance,In Compliance,In Compliance,In Compliance,In Compliance,In Compliance,In Compliance,In Compliance,In Compliance,In Compliance,Not applicable,In Compliance,In Compliance,Comprehensive,CHIPOTLE MEXICAN GRILL OF COLORADO LLC,Restaurant,Food,39.0555,-76.9549,"(39.0555, -76.9549)"
CHIPOTLE MEXICAN GRILL #2388,7101 DEMOCRACY BLVD,SPACE #FC17,BETHESDA,20814,03/21/2022,No Critical Violations Noted,In Compliance,In Compliance,In Compliance,In Compliance,In Compliance,In Compliance,In Compliance,In Compliance,In Compliance,In Compliance,In Compliance,In Compliance,Out of Compliance,Not applicable,In Compliance,In Compliance,Monitoring,CHIPOTLE MEXICAN GRILL OF COLORADO LLC,Restaurant,Food,39.0221,-77.1471,"(39.0221, -77.1471)"
CHIPOTLE MEXICAN GRILL #2668,10161 NEW HAMPSHIRE AVE,,SILVER SPRING,20903,01/27/2022,No Critical Violations Noted,In Compliance,In Compliance,In Compliance,In Compliance,In Compliance,In Compliance,In Compliance,In Compliance,In Compliance,In Compliance,In Compliance,In Compliance,In Compliance,Not applicable,In Compliance,In Compliance,Monitoring,"CHIPOTLE MEXICAN GRILL OF COLORADO, LLC",Restaurant,Food,39.0219,-76.9765,"(39.0219, -76.9765)"
CHIPOTLE MEXICAN GRILL #1334,19881 CENTURY BLVD,,GERMANTOWN,20874,02/27/2023,No Critical Violations Noted,In Compliance,In Compliance,In Compliance,In Compliance,In Compliance,In Compliance,In Compliance,In Compliance,In Compliance,In Compliance,In Compliance,In Compliance,In Compliance,Not applicable,In Compliance,In Compliance,Monitoring,"CHIPOTLE MEXICAN GRILL OF COLORADO, LLC.",Restaurant,Food,39.1826,-77.2639,"(39.1826, -77.2639)"
CHIPOTLE MEXICAN GRILL #1822,9815 MAIN STREET,STE 104,DAMASCUS,20872,01/20/2022,No Critical Violations Noted,In Compliance,In Compliance,In Compliance,In Compliance,In Compliance,In Compliance,In Compliance,In Compliance,In Compliance,In Compliance,In Compliance,In Compliance,Out of Compliance,Not applicable,In Compliance,In Compliance,Monitoring,CHIPOTLE MEXICAN GRILL OF COLORADO LLC,Restaurant,Food,39.2888,-77.2025,"(39.2888, -77.2025)"
CHIPOTLE MEXICAN GRILL #0683,13501 CONNECTICUT AVE.,,SILVER SPRING,20906,02/14/2022,No Critical Violations Noted,In Compliance,In Compliance,In Compliance,In Compliance,In Compliance,In Compliance,In Compliance,In Compliance,In Compliance,In Compliance,In Compliance,In Compliance,In Compliance,Not applicable,In Compliance,In Compliance,Monitoring,CHIPOTLE MEXICAN GRILL OF COLORADO LLC,Restaurant,Food,39.0767,-77.08,"(39.0767, -77.08)"
CHIPOTLE MEXICAN GRILL #1449,3333 OLNEY SANDY SPRING RD #101,,OLNEY,20832,01/23/2023,No Critical Violations Noted,In Compliance,In Compliance,In Compliance,In Compliance,In Compliance,In Compliance,In Compliance,In Compliance,In Compliance,In Compliance,In Compliance,In Compliance,In Compliance,Not applicable,In Compliance,In Compliance,Food Complaint,CHIPOTLE MEXICAN GRILL OF COLORADO LLC,Restaurant,Food,39.1533,-77.0661,"(39.1533, -77.0661)"
CHIPOTLE MEXICAN GRILL #1334,19881 CENTURY BLVD,,GERMANTOWN,20874,04/27/2022,No Critical Violations Noted,In Compliance,In Compliance,In Compliance,In Compliance,In Compliance,In Compliance,In Compliance,In Compliance,In Compliance,In Compliance,In Compliance,In Compliance,In Compliance,Not applicable,In Compliance,In Compliance,Comprehensive,"CHIPOTLE MEXICAN GRILL OF COLORADO, LLC.",Restaurant,Food,39.1826,-77.2639,"(39.1826, -77.2639)"
CHIPOTLE MEXICAN GRILL #0411,"907 ELLSWORTH DR.,",,SILVER SPRING,20910,10/25/2022,Critical Violations Corrected,In Compliance,In Compliance,In Compliance,In Compliance,In Compliance,Out of Compliance,In Compliance,In Compliance,In Compliance,In Compliance,In Compliance,In Compliance,In Compliance,Not applicable,In Compliance,In Compliance,Comprehensive,CHIPOTLE MEXICAN GRILL,Restaurant,Food,38.9965,-77.026,"(38.9965, -77.026)"
CHIPOTLE MEXICAN GRILL #1608,10135 COLESVILLE RD.,,SILVER SPRING,20901,02/23/2022,No Critical Violations Noted,In Compliance,In Compliance,In Compliance,In Compliance,In Compliance,In Compliance,In Compliance,In Compliance,In Compliance,In Compliance,In Compliance,In Compliance,In Compliance,Not applicable,In Compliance,In Compliance,Comprehensive,CHIPOTLE MEXICAN GRILL,Restaurant,Food,39.0209,-77.0119,"(39.0209, -77.0119)"
CHIPOTLE MEXICAN GRILL #0278,4471 WILLARD AVE.,,CHEVY CHASE,20815,02/24/2022,Critical Violations Corrected,In Compliance,In Compliance,In Compliance,In Compliance,In Compliance,In Compliance,In Compliance,In Compliance,In Compliance,In Compliance,In Compliance,In Compliance,In Compliance,In Compliance,In Compliance,In Compliance,Comprehensive,CHIPOTLE MEXICAN GRILL OF COLORADO LLC,Restaurant,Food,38.9622,-77.0886,"(38.9622, -77.0886)"
CHIPOTLE MEXICAN GRILL #2130,10116 RIVER RD,STE B,POTOMAC,20854,08/17/2022,No Critical Violations Noted,In Compliance,In Compliance,In Compliance,In Compliance,In Compliance,In Compliance,In Compliance,In Compliance,In Compliance,In Compliance,In Compliance,In Compliance,In Compliance,Not applicable,In Compliance,In Compliance,Comprehensive,CHIPOTLE MEXICAN GRILL OF COLORADO LLC,Restaurant,Food,39.0164,-77.209,"(39.0164, -77.209)"
CHIPOTLE MEXICAN GRILL #1147,865-B ROCKVILLE PIKE,,ROCKVILLE,20851,10/11/2022,No Critical Violations Noted,In Compliance,In Compliance,In Compliance,In Compliance,In Compliance,In Compliance,In Compliance,In Compliance,In Compliance,In Compliance,In Compliance,In Compliance,In Compliance,Not applicable,In Compliance,In Compliance,Monitoring,CHIPOTLE MEXICAN GRILL OF COLORADO LLC,Restaurant,Food,39.0752,-77.1378,"(39.0752, -77.1378)"
CHIPOTLE MEXICAN GRILL #0411,"907 ELLSWORTH DR.,",,SILVER SPRING,20910,02/13/2023,No Critical Violations Noted,In Compliance,In Compliance,In Compliance,In Compliance,In Compliance,In Compliance,In Compliance,In Compliance,In Compliance,In Compliance,In Compliance,In Compliance,In Compliance,Not applicable,In Compliance,In Compliance,Monitoring,CHIPOTLE MEXICAN GRILL,Restaurant,Food,38.9965,-77.026,"(38.9965, -77.026)"
CHIPOTLE MEXICAN GRILL #1225,10400 OLD GEORGETOWN RD,,BETHESDA,20817,04/07/2022,No Critical Violations Noted,In Compliance,In Compliance,In Compliance,In Compliance,In Compliance,In Compliance,In Compliance,In Compliance,In Compliance,In Compliance,In Compliance,In Compliance,In Compliance,Not applicable,In Compliance,In Compliance,Monitoring,"CHIPOTLE MEXICAN GRILL OF COLORADO, LLC.",Restaurant,Food,39.0263,-77.1276,"(39.0263, -77.1276)"
CHIPOTLE MEXICAN GRILL #2130,10116 RIVER RD,STE B,POTOMAC,20854,05/03/2023,No Critical Violations Noted,In Compliance,In Compliance,In Compliance,In Compliance,In Compliance,In Compliance,In Compliance,In Compliance,In Compliance,In Compliance,In Compliance,In Compliance,In Compliance,Not applicable,In Compliance,In Compliance,Monitoring w/Complaint Investigation,CHIPOTLE MEXICAN GRILL OF COLORADO LLC,Restaurant,Food,39.0164,-77.209,"(39.0164, -77.209)"
CHIPOTLE MEXICAN GRILL #2388,7101 DEMOCRACY BLVD,SPACE #FC17,BETHESDA,20814,08/09/2022,No Critical Violations Noted,In Compliance,In Compliance,In Compliance,In Compliance,In Compliance,In Compliance,In Compliance,In Compliance,In Compliance,In Compliance,In Compliance,In Compliance,In Compliance,Not applicable,In Compliance,In Compliance,Comprehensive,CHIPOTLE MEXICAN GRILL OF COLORADO LLC,Restaurant,Food,39.0221,-77.1471,"(39.0221, -77.1471)"
CHIPOTLE MEXICAN GRILL #2245,11802 ROCKVILLE PIKE,Unit #F,ROCKVILLE,20852,07/29/2022,Critical Violations Corrected,In Compliance,In Compliance,In Compliance,In Compliance,In Compliance,In Compliance,Out of Compliance,In Compliance,In Compliance,In Compliance,In Compliance,In Compliance,In Compliance,Not applicable,In Compliance,In Compliance,Monitoring,CHIPOTLE MEXICAN GRILL OF COLORADO LLC,Restaurant,Food,39.0498,-77.1153,"(39.0498, -77.1153)"
CHIPOTLE MEXICAN GRILL #2388,7101 DEMOCRACY BLVD,SPACE #FC17,BETHESDA,20814,05/12/2023,No Critical Violations Noted,In Compliance,In Compliance,In Compliance,In Compliance,In Compliance,In Compliance,In Compliance,In Compliance,In Compliance,In Compliance,In Compliance,In Compliance,In Compliance,Not applicable,In Compliance,In Compliance,Monitoring,CHIPOTLE MEXICAN GRILL OF COLORADO LLC,Restaurant,Food,39.0221,-77.1471,"(39.0221, -77.1471)"
CHIPOTLE MEXICAN GRILL #1608,10135 COLESVILLE RD.,,SILVER SPRING,20901,01/31/2023,No Critical Violations Noted,In Compliance,In Compliance,In Compliance,In Compliance,In Compliance,In Compliance,In Compliance,In Compliance,In Compliance,In Compliance,In Compliance,In Compliance,In Compliance,Not applicable,In Compliance,In Compliance,Comprehensive,CHIPOTLE MEXICAN GRILL,Restaurant,Food,39.0209,-77.0119,"(39.0209, -77.0119)"
CHIPOTLE MEXICAN GRILL #0461,96 MAIN ST.,,GAITHERSBURG,20878,12/15/2022,Critical Violations Corrected,In Compliance,In Compliance,In Compliance,In Compliance,In Compliance,In Compliance,Out of Compliance,In Compliance,In Compliance,In Compliance,In Compliance,In Compliance,Out of Compliance,Not applicable,In Compliance,In Compliance,Monitoring,CHIPOTLE MEXICAN GRILL OF COLORADO LLC,Restaurant,Food,39.1246,-77.237,"(39.1246, -77.237)"
CHIPOTLE MEXICAN GRILL #0683,13501 CONNECTICUT AVE.,,SILVER SPRING,20906,08/24/2022,No Critical Violations Noted,In Compliance,In Compliance,In Compliance,In Compliance,In Compliance,In Compliance,In Compliance,In Compliance,In Compliance,In Compliance,In Compliance,In Compliance,In Compliance,Not applicable,In Compliance,In Compliance,Comprehensive,CHIPOTLE MEXICAN GRILL OF COLORADO LLC,Restaurant,Food,39.0767,-77.08,"(39.0767, -77.08)"
CHIPOTLE MEXICAN GRILL #0411,"907 ELLSWORTH DR.,",,SILVER SPRING,20910,06/08/2023,No Critical Violations Noted,In Compliance,In Compliance,In Compliance,In Compliance,In Compliance,In Compliance,In Compliance,In Compliance,In Compliance,In Compliance,In Compliance,In Compliance,In Compliance,Not applicable,In Compliance,In Compliance,Monitoring,CHIPOTLE MEXICAN GRILL,Restaurant,Food,38.9965,-77.026,"(38.9965, -77.026)"
CHIPOTLE MEXICAN GRILL #0103,564 N. FREDERICK AVE.,,GAITHERSBURG,20877,04/25/2022,No Critical Violations Noted,In Compliance,In Compliance,In Compliance,In Compliance,In Compliance,In Compliance,In Compliance,In Compliance,In Compliance,In Compliance,In Compliance,In Compliance,In Compliance,Not applicable,In Compliance,In Compliance,Monitoring,CHIPOTLE MEXICAN GRILL OF COLORADO LLC,Restaurant,Food,39.1484,-77.2101,"(39.1484, -77.2101)"
CHIPOTLE MEXICAN GRILL #0044,7600 OLD GEORGETOWN RD.,,BETHESDA,20814,06/03/2022,No Critical Violations Noted,In Compliance,In Compliance,In Compliance,In Compliance,In Compliance,In Compliance,In Compliance,In Compliance,In Compliance,In Compliance,In Compliance,In Compliance,In Compliance,Not applicable,In Compliance,In Compliance,Monitoring,CHIPOTLE MEXICAN GRILL OF COLORADO LLC,Restaurant,Food,38.9858,-77.0964,"(38.9858, -77.0964)"
CHIPOTLE MEXICAN GRILL #0278,4471 WILLARD AVE.,,CHEVY CHASE,20815,02/23/2022,Critical Violations Corrected,In Compliance,In Compliance,In Compliance,In Compliance,In Compliance,In Compliance,Out of Compliance,In Compliance,In Compliance,In Compliance,In Compliance,In Compliance,In Compliance,Not applicable,In Compliance,In Compliance,Comprehensive,CHIPOTLE MEXICAN GRILL OF COLORADO LLC,Restaurant,Food,38.9622,-77.0886,"(38.9622, -77.0886)"
CHIPOTLE MEXICAN GRILL #2055,11160 VEIRS MILL RD,SPACE P208C,SILVER SPRING,20902,01/30/2023,No Critical Violations Noted,In Compliance,In Compliance,In Compliance,In Compliance,In Compliance,In Compliance,In Compliance,In Compliance,In Compliance,In Compliance,In Compliance,In Compliance,Out of Compliance,Not applicable,Out of Compliance,In Compliance,Comprehensive,CHOPOTLE MEXICAN GRILL OF COLORADO LLC,Restaurant,Food,39.037,-77.0539,"(39.037, -77.0539)"
CHIPOTLE MEXICAN GRILL #2668,10161 NEW HAMPSHIRE AVE,,SILVER SPRING,20903,08/01/2022,No Critical Violations Noted,In Compliance,In Compliance,In Compliance,In Compliance,In Compliance,In Compliance,In Compliance,In Compliance,In Compliance,In Compliance,In Compliance,In Compliance,In Compliance,Not applicable,In Compliance,In Compliance,Monitoring,"CHIPOTLE MEXICAN GRILL OF COLORADO, LLC",Restaurant,Food,39.0219,-76.9765,"(39.0219, -76.9765)"
CHIPOTLE MEXICAN GRILL #0411,"907 ELLSWORTH DR.,",,SILVER SPRING,20910,11/28/2022,No Critical Violations Noted,In Compliance,In Compliance,In Compliance,In Compliance,In Compliance,In Compliance,In Compliance,In Compliance,In Compliance,In Compliance,In Compliance,In Compliance,In Compliance,Not applicable,In Compliance,In Compliance,Food Complaint,CHIPOTLE MEXICAN GRILL,Restaurant,Food,38.9965,-77.026,"(38.9965, -77.026)"
